{"cameraMode":{"drawMode":0,"name":"Shaded","section":"Shading Mode"},"sceneLighting":true,"audioPlay":false,"sceneViewState":{"m_AlwaysRefresh":false,"showFog":true,"showSkybox":true,"showFlares":true,"showImageEffects":true,"showParticleSystems":true,"showVisualEffectGraphs":true,"m_FxEnabled":true},"in2DMode":false,"pivot":{"x":2.880964756011963,"y":0.2600128650665283,"z":-2.586427927017212},"rotation":{"x":0.007482881657779217,"y":0.9567008018493652,"z":-0.2899876832962036,"w":0.024690033867955209},"size":4.157631874084473,"orthographic":false}