{"cameraMode":{"drawMode":0,"name":"Shaded","section":"Shading Mode"},"sceneLighting":false,"audioPlay":false,"sceneViewState":{"m_AlwaysRefresh":false,"showFog":true,"showSkybox":false,"showFlares":true,"showImageEffects":true,"showParticleSystems":true,"showVisualEffectGraphs":true,"m_FxEnabled":true},"in2DMode":false,"pivot":{"x":0.549170732498169,"y":0.6797429323196411,"z":-1.110241174697876},"rotation":{"x":0.007482881657779217,"y":0.9567008018493652,"z":-0.2899876832962036,"w":0.024690033867955209},"size":2.388725996017456,"orthographic":false}